Property,Value
Name,"Industrial Oil / Grease Buildup"
Category,"organic-residue"
Subcategory,"petroleum"
Description,"Industrial oil contamination, it arises in manufacturing environments where machinery lubricants degrade under friction and heat, forming sticky residues that adhere to operational surfaces during prolonged use. This substance, it manifests a tenacious hold influenced from warmth and air exposure, distinguishing it from faster-evaporating solvents by penetrating microstructures on metals to create resilient sheaths or thicker layers on porous materials that impair pliability. Key removal challenges stem from its oily composition repelling water-based agents and rebounding from mechanical scrubbing, yet laser cleaning proves effective, vaporizing the oil through selective light absorption that preserves underlying bases unharmed."

SAFETY INFORMATION,
Fire/Explosion Risk,"low"
Toxic Gas Risk,"moderate"
Visibility Hazard,"moderate"
Respiratory Protection,"PAPR"
Eye Protection,"goggles"
Skin Protection,"gloves"

COMPATIBLE MATERIALS,
"ALL","Compatible"
LEGAL NOTICE,
DISCLAIMER,"Provided for informational purposes only, without warranties. Use at your own risk. Z-Beam assumes no liability for damages arising from its application."
NO WARRANTY,"This data is provided AS IS without warranty of any kind"
NO LIABILITY,"Z-Beam assumes no liability for damages arising from use of this data"
PROFESSIONAL CONSULTATION,"Always consult qualified professionals and follow safety regulations"
